AWC,CTC,CVC,SUBJECT,Time
33.2,2.4,5,426,18.05
26.9594594594595,2.43243243243243,9.12162162162162,426,13.3
28.8,1.8,5.4,426,13.5
22.6,2,5.2,426,14.1
16.2,2.2,9.2,426,20.3
